titles,links,usernames,durations,views
Game Theory: We Were Right ALL ALONG! (FNAF Ultimate Custom Night),/watch?v=PV9jdolesMI,The Game Theorists, - Duration: 18:32.,2727576
Aquaman - Official Trailer 1,/watch?v=WDkg3h8PCVU,Warner Bros. Pictures, - Duration: 2:26.,17618540
Blind Chicken Wing Taste Test,/watch?v=MBPdKxlazD0,Good Mythical Morning, - Duration: 14:29.,235790
SIDEMEN BOWLING (GONE WRONG),/watch?v=QUYLG94VWb4,Sidemen, - Duration: 12:36.,2138236
Small airplane CATASTROPHIC ENGINE FAILURE in the middle of nowhere - The Story,/watch?v=YUAIFQfgH_s,Trent Palmer, - Duration: 26:27.,191787
Engine Failure Follow Up and Oshkosh 2018,/watch?v=9roJHCjU4kU,Trent Palmer, - Duration: 11:28.,45124
Airstrip Home Build Update 3 - Factory Visit and Picking Finishes,/watch?v=imMjnPMEU1c,Trent Palmer, - Duration: 8:23.,38301
This Kitfox is a BEAST! - Rotax 915iS 141hp Turbocharged Fuel Injected Monster,/watch?v=y7xU_2Zzbb0,Trent Palmer, - Duration: 9:16.,195972
Cure for the Big Tire Blues - DIY Tire Retread,/watch?v=jtthgYYhkz0,Trent Palmer, - Duration: 3:46.,17339
SHAZAM! Trailer (2019),/watch?v=-oD7B7oiBtw,FilmSelect Trailer, - Duration: 3:14.,9470082
IS DRIFT EVIL IN FORTNITE?! * SEASON 5 *Fortnite Short Film,/watch?v=wQ1CWUWivjQ,Little Lizard - Fortnite, - Duration: 18:44.,795948
Itâs BIG...itâs BLUE...itâs NEW!,/watch?v=PQIq4BUw_Hs,Brave Wilderness, - Duration: 7:02.,496907
DOG VS GOAT GYMNASTICS CHALLENGE! (super funny),/watch?v=Yn60wQvKhaY,Dobre Brothers, - Duration: 10:02.,1415972
PEOPLE WHO THOUGHT THEY WERE SMART,/watch?v=rV0vcfT8WQs,SSSniperWolf, - Duration: 12:45.,922358
Disenchantment | Official Trailer [HD] | Netflix,/watch?v=Gp_RnJcb8Ig,Netflix, - Duration: 1:54.,1154315
Glass - Official Trailer [HD],/watch?v=95ghQs5AmNk,Universal Pictures, - Duration: 2:53.,6689335
Unboxing A Fortnite Package from Epic Games!,/watch?v=R30dTNfBi2I,Lachlan, - Duration: 19:24.,3653937
3 Disturbing True Mall Horror Stories,/watch?v=FrGRFdDzkFM,Mr. Nightmare, - Duration: 12:32.,782544
Dwight and Angela  - The Office US,/watch?v=bATPXjOKebI,The Office US, - Duration: 10:02.,216253
I Was Harassed By My Students For Being Gay,/watch?v=nrAla4j8xMc,BuzzFeedVideo, - Duration: 5:17.,365168
Judge Jeanine on her explosive exchange on 'The View',/watch?v=PEMk1WWO3gg,Fox News, - Duration: 6:21.,819554
Cardboard Guitar!? (Dear Ryan),/watch?v=CGNi4Ca7XVU,nigahiga, - Duration: 10:06.,2315236
Mystery Wheel of Pizza (ft. Alex Wassabi),/watch?v=wd9Ja4evrHc,Guava Juice, - Duration: 7:57.,943758
What If All Advertisement Disappears?,/watch?v=oWm1hWXlgQs,Meet Arnold, - Duration: 1:18.,1677680
YOUNG JUSTICE: OUTSIDERS - Official Comic-Con Trailer - DC Universe,/watch?v=YHEU6WBpHMc,DC, - Duration: 5:05.,1519202
MY ZODIAC COLLECTION WITH COLOURPOP!!!!!!!! #TheZodiac,/watch?v=E7eBb3qGuvY,KathleenLights, - Duration: 35:44.,695333
GIANT DART Vs. GIANT ICE BLOCK from 45m!,/watch?v=h4j_pxyQIak,How Ridiculous, - Duration: 10:37.,1794402
Whoopi Goldberg On Jeanine Pirro's Appearance on 'The View',/watch?v=FtAeSu0JbJQ,The View, - Duration: 2:45.,771768
ELDERS REACT TO ARIANA GRANDE - GOD IS A WOMAN,/watch?v=sel-yV46B0A,FBE, - Duration: 10:10.,850077
Bold and Natural Makeup Tutorial,/watch?v=k5dxFyN73Pk,Christen Dominique, - Duration: 14:20.,215651
Anitta - Medicina (Official Music Video),/watch?v=UhurAzTl5gs,Anitta, - Duration: 2:52.,16921575
Denzel Washington's Dinner Table Has Seen Some Legends,/watch?v=V9p1k5wAVvU,The Late Show with Stephen Colbert, - Duration: 8:49.,699096
RENOVATED APARTMENT TOUR (BEFORE AND AFTER),/watch?v=u1fa0c0ImGQ,Jess Conte, - Duration: 7:54.,568149
Fortnite Summer Skirmish Series | Week 2 (Day 1),/watch?v=6VLqdY6rvZk,Fortnite, - Duration: 5:41:00.,868891
Dragon Ball Super: Broly Movie Trailer (English Dub Reveal) Exclusive - Comic Con 2018,/watch?v=FHgm89hKpXU,IGN, - Duration: 1:31.,6240441
Star Wars: The Clone Wars Official Trailer,/watch?v=RI7WyhWZkzk,Star Wars, - Duration: 2:42.,4926818
What a conductor actually does on stage,/watch?v=z_yIn8V3UcU,Vox, - Duration: 4:42.,682463
BEAUTY PRODUCTS I'VE BEEN LOVING!,/watch?v=2zMTRWZMJ-w,Jaclyn Hill, - Duration: 26:42.,1084274
Life is Fun - Ft. Boyinaband (Official Music Video),/watch?v=CAb_bCtKuXg,TheOdd1sOut, - Duration: 4:01.,8433122
Bebe Rexha - I'm A Mess (Official Music Video),/watch?v=LdH7aFjDzjI,Bebe Rexha, - Duration: 3:23.,7654400
Troye Sivan - Dance To This ft. Ariana Grande,/watch?v=bhxhNIQBKJI,Troye Sivan, - Duration: 4:09.,10397348
Everything Wrong With Unfriended In 14 Minutes Or Less,/watch?v=CFND44Dupzw,CinemaSins, - Duration: 14:07.,2434272
Passenger | Heart To Love (Official Video),/watch?v=8mnDBXSKAbs,Passenger, - Duration: 3:18.,106091
Doctor Who: Series 11 Trailer,/watch?v=FEc-OQ_oqDk,Doctor Who, - Duration: 0:51.,997674
Trevor Responds to Criticism from the French Ambassador - Between The Scenes | The Daily Show,/watch?v=COD9hcTpGWQ,The Daily Show with Trevor Noah, - Duration: 8:26.,2917732
Making ART with a GIANT PENCIL!,/watch?v=ucF6Qxpn_0A,Draw with Jazza, - Duration: 12:19.,332730
Is Ron Weasley Completely and Utterly Pointless?,/watch?v=H0ZN54zWRPE,SuperCarlinBrothers, - Duration: 10:20.,276517
Lemonade Lad,/watch?v=FpZBSrosoeU,shgurr, - Duration: 5:37.,899440
I'm Still in Swimming Lessons? | Hannah Stocking,/watch?v=Rz25tn4hPik,Hannah Stocking, - Duration: 6:31.,2541155
Best Friend's Sister | Anwar Jibawi,/watch?v=JcIHs0nnXsQ,Anwar Jibawi, - Duration: 5:29.,1483179
Marvelâs Spider-Man â SDCC 2018 Story Trailer | PS4,/watch?v=utVr-n0MaU0,PlayStation, - Duration: 1:51.,996119
Clash Royale: Introducing Royal Recruits! (New Card!),/watch?v=SDaOmwaYDHw,Clash Royale, - Duration: 1:07.,7427985
MUSE - Something Human [Official Music Video],/watch?v=azAEHCQgcUI,Muse, - Duration: 4:24.,1768947
I Let My Dogs Walk Me For A Day,/watch?v=ew1JYegKF7s,JennaMarbles, - Duration: 18:46.,2633792
Kylie Jenner Asks Travis Scott 23 Questions | GQ,/watch?v=q3iXrayrsHk,GQ, - Duration: 12:07.,20407934
NEVER STEAL DRIFTS GOLDEN SCAR!! * SEASON 5 *Fortnite Short Film,/watch?v=CboJMlgfyMA,Little Lizard - Fortnite, - Duration: 14:50.,1471610
Back from brain surgery,/watch?v=-INz4XVeyJ4,Simone Giertz, - Duration: 9:25.,2008294
Bohemian Rhapsody | Official Trailer [HD] | 20th Century FOX,/watch?v=mP0VHJYFOAU,20th Century Fox, - Duration: 2:31.,8158390
The Net Gun | Overtime Ep. 4 | Dude Perfect,/watch?v=RohJfM-VFS0,Dude Perfect, - Duration: 16:58.,9529053
Will It Butter? Taste Test,/watch?v=HJ1-Wjk7mj4,Good Mythical Morning, - Duration: 13:55.,1914750
Ciara - Level Up,/watch?v=Dh-ULbQmmF8,Ciara, - Duration: 3:32.,5389768
"Your Wonderful, Beautiful YIAY OUTROS (YIAY #430)",/watch?v=j8BfPkcnE2A,jacksfilms, - Duration: 10:59.,1795567
Rooster Teeth Animated Adventures - Thank God It's Food Poisoning,/watch?v=VzHF65rKR6E,Rooster Teeth, - Duration: 2:30.,743744
EVERY FACEBOOK EVER,/watch?v=dMpkBXQVBsw,Smosh, - Duration: 6:31.,1549730
"Dunkin Donuts 10,000(+) Calorie Challenge",/watch?v=5E40mf0MNb0,Matt Stonie, - Duration: 10:20.,1932452
Imagine Dragons - Natural (Audio),/watch?v=9BPfyhhv7-c,ImagineDragons, - Duration: 3:11.,7830367
Everything Wrong With Mamma Mia In 15 Minutes Or Less,/watch?v=Ywdj_01Jrdk,CinemaSins, - Duration: 15:11.,1003942
BOY ERASED â Official Trailer [HD] â In Theaters November,/watch?v=-B71eyB_Onw,Focus Features, - Duration: 2:47.,5403054
Gator Ate My Camera!,/watch?v=eSKFXcMdFXI,Brave Wilderness, - Duration: 12:50.,826268
Chris Broussard on LeBron's appearance at Lakers Summer League game in Vegas | NBA | UNDISPUTED,/watch?v=8CP6i04ztho,Skip and Shannon: UNDISPUTED, - Duration: 11:15.,781146
Ed Sheeran - 'Songwriter' [Official Trailer],/watch?v=FNa1In1D1xQ,Ed Sheeran, - Duration: 2:03.,2203479
The Best Homemade Pizza You'll Ever Eat,/watch?v=sv3TXMSv6Lw,Tasty, - Duration: 9:39.,2746195
"Coming Soon: The Starcourt Mall! | Hawkins, Indiana",/watch?v=aXyju7zFwyE,Netflix, - Duration: 1:27.,1522468
